Hostname MACAddr    Vendor Model                       Image                        IOSVersion       SerialNo        Uptime CPUModel CPUSpeed SerialIntfNo                               CiscoNeighbors                                                        IntRoutingPro ExtRoutingPro 

('R1', 'c001.15c4.0000', 'Cisco', '2691', 'C2691-ADVENTERPRISEK9-M', '12.4(25c)', 'XXXXXXXXXXX', 29760L, 'R7000', '160', 6L, 'R7.group4,R7.group4,R6.group4,R6.group4,R5.group4,R5.group4,R4.group4,R4.group4,R3.group4,R3.group4,R2.group4,R2.group4,R8.group4,R8.group4', 'ospf 4', '')
('R2', 'c002.3524.0000', 'Cisco', '2691', 'C2691-ADVENTERPRISEK9-M', '12.4(25c)', 'XXXXXXXXXXX', 29760L, 'R7000', '160', 1L, 'R7.group4,R6.group4,R5.group4,R4.group4,R3.group4,R1.group4,R1.group4,R8.group4', 'ospf 4', '')
('R3', 'c003.148c.0000', 'Cisco', '2691', 'C2691-ADVENTERPRISEK9-M', '12.4(25c)', 'XXXXXXXXXXX', 29760L, 'R7000', '160', 1L, 'R7.group4,R6.group4,R5.group4,R4.group4,R2.group4,R1.group4,R1.group4,R8.group4', 'ospf 4', '')
('R4', 'c004.37e8.0000', 'Cisco', '2691', 'C2691-ADVENTERPRISEK9-M', '12.4(25c)', 'XXXXXXXXXXX', 29760L, 'R7000', '160', 1L, 'R7.group4,R6.group4,R5.group4,R3.group4,R2.group4,R1.group4,R1.group4,R8.group4', 'ospf 4', '')
('R5', 'c005.223c.0000', 'Cisco', '2691', 'C2691-ADVENTERPRISEK9-M', '12.4(25c)', 'XXXXXXXXXXX', 29760L, 'R7000', '160', 1L, 'R7.group4,R6.group4,R4.group4,R3.group4,R2.group4,R1.group4,R1.group4,R8.group4', 'ospf 4', '')
('R6', 'c006.1778.0000', 'Cisco', '2691', 'C2691-ADVENTERPRISEK9-M', '12.4(25c)', 'XXXXXXXXXXX', 29760L, 'R7000', '160', 1L, 'R7.group4,R5.group4,R4.group4,R3.group4,R2.group4,R1.group4,R1.group4,R8.group4', 'ospf 4', '')
('R7', 'c007.1f08.0000', 'Cisco', '2691', 'C2691-ADVENTERPRISEK9-M', '12.4(25c)', 'XXXXXXXXXXX', 29760L, 'R7000', '160', 1L, 'R6.group4,R5.group4,R4.group4,R3.group4,R2.group4,R1.group4,R1.group4,R8.group4', 'ospf 4', '')
('R8', 'c008.37a4.0000', 'Cisco', '2691', 'C2691-ADVENTERPRISEK9-M', '12.4(25c)', 'XXXXXXXXXXX', 29760L, 'R7000', '160', 1L, 'R7.group4,R6.group4,R5.group4,R4.group4,R3.group4,R2.group4,R1.group4,R1.group4', 'ospf 4', '')

 NetworkCPUUtilizationPercent, Top3CPUDevices, PollTimestamp 
(1.0, 'R4,R5,R6', '2018-02-22 20:30:38.468155')


 NetworkIOMemUtilizationPercent, Top3IOMemDevices, PollTimestamp 
(45.6, 'R1,R4,R5', '2018-02-22 20:30:38.468155')


 NetworkProcMemUtilizationPercent, Top3ProcMemDevices, PollTimestamp 
(12.93, 'R1,R4,R5', '2018-02-22 20:30:38.468155')


NetworkUPEthIntfPercent , Top3UPEthIntf, PollTimestamp 
(62.5, 'R4,R5,R6', '2018-02-22 20:30:38.468155')


